customer_id,segment,age,gender,income_usd,education,occupation,family_size,marital_status,country,city_type,climate_zone,latitude,longitude,lifestyle,personality,primary_value,purchase_frequency_per_month,avg_order_value_usd,total_orders,total_spent_usd,last_purchase_days_ago,preferred_channel,product_category_pref,customer_lifetime_value_usd,recency_days,frequency_orders,monetary_usd,device_pref,os,browser,internet_speed_mbps,primary_motivation,nps,csat_1_5,email_open_rate,app_usage_per_week,support_tickets_last_year,churn_risk,is_active,signup_date,last_login_date
CUST1000,Segment 1,56,Male,58410,High School,Executive,3,Married,Australia,Rural,Mediterranean,58.4832,4.7192,Tech-savvy,Conscientious,Innovation,0,8.81,15,114.46,65,Phone,Sports,227.44,65,15,114.46,Mobile,Other,Chrome,64.8,Convenience,66,3.9,0.45,12,0,Low,Yes,09/11/2022,29/09/2024
CUST1001,Segment 2,69,Male,75713,Other,Executive,4,Domestic partnership,Germany,Suburban,Temperate,26.7978,19.125,Eco-friendly,Analytical,Price,0,90.25,17,1657.14,482,Phone,Apparel,3984.62,482,17,1657.14,Tablet,Linux,Safari,9,Lowest price,25,4.5,0.18,1,0,High,Yes,26/09/2025,19/10/2024
CUST1002,Segment 3,46,Non-binary,109337,PhD,Freelancer,4,Domestic partnership,Germany,Rural,Tropical,8.9706,-115.4894,Luxury-seeker,Spontaneous,Price,0,59.44,168,10328.68,247,Phone,Automotive,30837.65,247,168,10328.68,Mobile,macOS,Edge,66.4,Quality,-44,1.8,0.85,4,0,Low,Yes,19/06/2023,22/11/2024
CUST1003,Segment 4,32,Female,49452,High School,Retired,2,Single,South Africa,Suburban,Temperate,-15.952,-35.7508,Family-oriented,Conscientious,Innovation,0,149.02,146,22509.53,155,Phone,Automotive,28429.05,155,146,22509.53,Desktop,Other,Firefox,54.9,Convenience,-20,3.4,0.88,16,1,High,Yes,27/09/2023,25/10/2025
CUST1004,Segment 5,60,Female,40745,High School,Self-employed,3,Married,Canada,Suburban,Arid,39.5175,-92.3639,Adventurer,Social,Innovation,2,113.94,183,22499.67,46,In-store,Groceries,34862.41,46,183,22499.67,Desktop,macOS,Edge,49.5,Lowest price,61,3.8,0.47,5,2,Medium,Yes,19/04/2025,06/12/2024
CUST1005,Segment 6,25,Female,49947,Associate,Executive,4,Divorced,Australia,Suburban,Tropical,25.3204,-112.255,Luxury-seeker,Introverted,Sustainability,2,18.02,153,3230.85,453,Mobile app,Home & Garden,5780.48,453,153,3230.85,Mobile,iOS,Firefox,40.3,Quality,68,3.7,0.08,1,0,High,Yes,17/07/2023,27/10/2024
CUST1006,Segment 7,78,Male,92462,Associate,Executive,1,Single,Germany,Urban,Polar,-32.1121,147.1889,Tech-savvy,Spontaneous,Convenience,2,24.7,59,1622.02,200,Social,Sports,2990.45,200,59,1622.02,Tablet,iOS,Edge,78.1,Novelty,-28,2.6,0.39,3,0,High,Yes,12/03/2020,27/12/2024
CUST1007,Segment 8,38,Male,74863,Masters,Student,1,Domestic partnership,Australia,Suburban,Arid,50.202,-39.7409,Homebody,Social,Brand,2,106.24,78,6815.45,659,In-store,Electronics,12418.04,659,78,6815.45,Mobile,Linux,Chrome,73.7,Lowest price,40,1.1,0.8,21,1,High,Yes,24/09/2025,28/09/2024
CUST1008,Segment 9,56,Prefer not to say,49107,Masters,Executive,5,Single,Brazil,Suburban,Temperate,40.4791,96.7648,Tech-savvy,Analytical,Innovation,1,125.82,124,17802.94,123,Mobile app,Sports,50119.23,123,124,17802.94,Mobile,Linux,Firefox,30.7,Sustainability,-31,3.3,0.9,25,1,Medium,Yes,20/01/2025,26/07/2025
CUST1009,Segment 10,75,Male,80398,Masters,Unemployed,3,Divorced,Canada,Urban,Tropical,54.478,-58.7006,Budget-conscious,Spontaneous,Innovation,2,148.35,114,15055.25,0,Mobile app,Apparel,36555.13,0,114,15055.25,Mobile,macOS,Firefox,60.2,Status,-95,2,0.2,10,0,Low,Yes,03/09/2024,03/04/2025
CUST1010,Segment 11,36,Male,67912,Associate,Retired,3,Domestic partnership,Australia,Urban,Arid,29.8291,60.8208,Eco-friendly,Social,Quality,4,147.87,22,3092.97,639,Mobile app,Groceries,6853.44,639,22,3092.97,Tablet,iOS,Safari,25.7,Status,-17,2.8,0.07,7,1,High,Yes,28/03/2021,18/03/2025
CUST1011,Segment 12,40,Male,94059,Masters,Self-employed,5,Widowed,United Kingdom,Suburban,Temperate,17.4757,82.8638,Adventurer,Conscientious,Price,0,69.63,158,10833.14,190,Phone,Books,17536.1,190,158,10833.14,Desktop,iOS,Edge,15.5,Sustainability,-49,4.8,0.88,11,0,Medium,Yes,11/04/2019,15/11/2024
CUST1012,Segment 13,28,Female,43938,High School,Professional,4,Widowed,Germany,Rural,Tropical,-3.9933,36.7788,Budget-conscious,Analytical,Quality,1,96.76,172,16515.61,578,In-store,Sports,43726.41,578,172,16515.61,Mobile,Linux,Other,34.3,Lowest price,-98,2.6,0.39,7,0,Low,Yes,26/08/2024,12/12/2024
CUST1013,Segment 14,28,Female,55170,Associate,Self-employed,3,Married,United Kingdom,Suburban,Mediterranean,52.6001,2.0413,Budget-conscious,Social,Brand,1,152.92,32,4766.56,515,Mobile app,Books,13871.27,515,32,4766.56,Tablet,Other,Other,71.6,Sustainability,-20,4.4,0.54,10,0,Medium,Yes,20/01/2023,12/09/2025
CUST1014,Segment 15,41,Male,53237,Masters,Retired,1,Single,Canada,Rural,Continental,45.267,-14.6845,Eco-friendly,Analytical,Innovation,0,56.8,179,11945.86,441,Social,Beauty,31565.7,441,179,11945.86,Tablet,Windows,Safari,73.8,Status,-38,1.8,0.97,21,1,Low,Yes,23/04/2024,01/05/2025
CUST1015,Segment 16,70,Female,21095,High School,Unemployed,1,Domestic partnership,United States,Suburban,Polar,-45.0259,-32.3169,Tech-savvy,Social,Sustainability,3,97.78,174,18415.78,142,Social,Beauty,18473.43,142,174,18415.78,Desktop,Linux,Edge,62.8,Status,-52,3.7,0.07,19,2,Medium,Yes,13/04/2024,15/07/2025
CUST1016,Segment 17,53,Prefer not to say,73884,Masters,Retired,2,Married,United Kingdom,Rural,Temperate,-47.0996,130.2682,Eco-friendly,Introverted,Price,1,55.39,113,6587.47,190,Online,Sports,14972.02,190,113,6587.47,Tablet,Windows,Chrome,68.1,Lowest price,-25,4.9,0.65,7,0,Medium,Yes,05/03/2025,13/04/2025
CUST1017,Segment 18,57,Female,72832,Bachelors,Student,3,Single,Germany,Suburban,Mediterranean,-8.589,102.5734,Health-conscious,Conscientious,Quality,1,41.94,120,4126.58,532,Mobile app,Sports,4548.61,532,120,4126.58,Tablet,iOS,Safari,62.9,Status,11,1.4,0.07,28,0,Medium,Yes,03/05/2025,08/10/2024
CUST1018,Segment 19,41,Prefer not to say,65153,Masters,Professional,4,Divorced,Germany,Urban,Temperate,39.1609,140.2075,Tech-savvy,Spontaneous,Price,1,77.9,149,13482.4,226,In-store,Home & Garden,20428.73,226,149,13482.4,Tablet,Linux,Firefox,34,Novelty,74,1,0.38,7,0,Medium,Yes,23/02/2025,15/07/2025
CUST1019,Segment 20,20,Non-binary,57962,Bachelors,Self-employed,5,Domestic partnership,South Africa,Rural,Continental,58.6004,-95.1968,Tech-savvy,Social,Quality,3,33.75,122,4791.77,312,Phone,Apparel,5362.23,312,122,4791.77,Desktop,Other,Chrome,60.8,Sustainability,8,2.7,0.8,25,1,Medium,Yes,14/03/2024,22/01/2025
CUST1020,Segment 21,39,Male,22539,Masters,Manager,5,Single,Canada,Suburban,Continental,-33.4541,74.6429,Family-oriented,Analytical,Innovation,0,67.15,32,2389.65,628,Online,Beauty,5275.37,628,32,2389.65,Mobile,Other,Edge,70,Novelty,82,1.4,0.43,29,0,High,Yes,07/10/2025,11/02/2025
CUST1021,Segment 22,70,Female,52381,Other,Self-employed,4,Domestic partnership,South Africa,Suburban,Arid,15.3544,132.7353,Luxury-seeker,Conscientious,Convenience,0,12.9,119,1232.4,301,Mobile app,Beauty,2924.71,301,119,1232.4,Desktop,macOS,Firefox,68.9,Novelty,91,4,1,16,0,High,Yes,27/01/2021,13/07/2025
CUST1022,Segment 23,19,Prefer not to say,54719,Other,Student,2,Single,Germany,Urban,Polar,-8.102,-79.2547,Budget-conscious,Spontaneous,Convenience,4,63.6,39,2041.15,653,Phone,Electronics,2508.52,653,39,2041.15,Mobile,Android,Other,79.7,Lowest price,-36,4.7,0.56,19,0,Low,Yes,26/06/2025,10/10/2025
CUST1023,Segment 24,41,Non-binary,40932,PhD,Professional,5,Divorced,Brazil,Rural,Polar,56.6906,-111.381,Homebody,Analytical,Sustainability,0,101.9,12,1088.4,459,In-store,Beauty,1923.94,459,12,1088.4,Tablet,iOS,Edge,67.7,Sustainability,-20,2.7,0.32,19,0,High,Yes,30/04/2025,06/01/2025
CUST1024,Segment 25,61,Non-binary,60161,Other,Unemployed,3,Domestic partnership,Germany,Rural,Temperate,42.6331,77.5138,Adventurer,Conscientious,Brand,2,39.67,175,5918.54,400,In-store,Beauty,11319.05,400,175,5918.54,Tablet,iOS,Firefox,58.8,Lowest price,94,2,0.22,22,1,Medium,Yes,13/05/2024,27/12/2024
CUST1025,Segment 26,47,Female,77122,Other,Retired,2,Widowed,South Africa,Rural,Continental,42.2162,30.8525,Health-conscious,Analytical,Price,1,75.56,18,1305.04,550,Online,Electronics,2268.3,550,18,1305.04,Mobile,Linux,Edge,76.8,Status,-86,2.7,0.35,15,0,Medium,Yes,09/05/2023,11/05/2025
CUST1026,Segment 27,55,Female,121586,Masters,Retired,3,Divorced,South Africa,Urban,Polar,1.5562,105.7121,Health-conscious,Extroverted,Brand,0,83.36,149,14520.34,392,Online,Apparel,18034.99,392,149,14520.34,Desktop,Android,Firefox,49.3,Quality,-1,3.9,0.37,13,0,High,Yes,16/08/2025,02/12/2024
CUST1027,Segment 28,19,Non-binary,70237,Associate,Unemployed,1,Single,Canada,Rural,Tropical,-4.3699,-90.8637,Adventurer,Extroverted,Quality,1,102.15,141,14242.18,206,Mobile app,Automotive,26175.64,206,141,14242.18,Desktop,Android,Edge,28,Lowest price,-69,1,0.07,29,0,Low,Yes,22/01/2025,17/04/2025
CUST1028,Segment 29,77,Male,72727,Associate,Professional,2,Domestic partnership,United States,Rural,Polar,-19.9252,92.6748,Eco-friendly,Conscientious,Innovation,1,66.99,149,8038.72,209,Phone,Groceries,20115.74,209,149,8038.72,Desktop,Android,Other,45.9,Lowest price,-5,3.4,0.37,10,0,Low,No,26/11/2018,17/10/2025
CUST1029,Segment 30,38,Male,62767,Bachelors,Unemployed,5,Divorced,Brazil,Suburban,Temperate,-43.7987,-73.5444,Family-oriented,Spontaneous,Sustainability,1,140.15,126,16124.31,114,Social,Books,18414.21,114,126,16124.31,Mobile,Linux,Safari,31.4,Quality,27,3.5,0.46,6,0,Low,Yes,20/03/2025,17/04/2025
CUST1030,Segment 31,50,Prefer not to say,8000,Associate,Executive,2,Single,India,Suburban,Mediterranean,45.1195,-84.1763,Luxury-seeker,Spontaneous,Convenience,2,28.26,136,3143.25,645,Phone,Apparel,3647.3,645,136,3143.25,Tablet,Linux,Firefox,33.1,Customer support,95,3.6,0.72,15,0,High,Yes,27/01/2025,19/01/2025
CUST1031,Segment 32,29,Male,64205,High School,Self-employed,2,Widowed,Germany,Urban,Mediterranean,39.4191,-84.0056,Adventurer,Analytical,Convenience,2,251.27,46,9414.51,250,In-store,Home & Garden,16094.51,250,46,9414.51,Tablet,Windows,Firefox,46.4,Status,45,2,0.66,12,0,Medium,Yes,17/03/2022,25/10/2024
CUST1032,Segment 33,75,Non-binary,66807,PhD,Student,2,Widowed,United States,Rural,Polar,59.9689,98.0809,Budget-conscious,Conscientious,Sustainability,2,22.73,104,2151.85,218,In-store,Electronics,6204.75,218,104,2151.85,Tablet,Windows,Other,30.2,Sustainability,12,3.9,0.71,26,0,Low,Yes,21/09/2025,30/04/2025
CUST1033,Segment 34,39,Non-binary,138897,Other,Unemployed,2,Single,Canada,Suburban,Arid,59.6301,56.2552,Adventurer,Social,Price,0,99.2,135,12190,406,Mobile app,Home & Garden,28489.8,406,135,12190,Mobile,Windows,Safari,42.3,Convenience,-18,1.4,0.01,14,0,Low,Yes,29/07/2024,28/12/2024
CUST1034,Segment 35,78,Non-binary,59229,PhD,Student,3,Widowed,Australia,Urban,Continental,11.0975,16.4583,Budget-conscious,Extroverted,Brand,1,18.69,151,3146.32,442,Social,Automotive,7416.95,442,151,3146.32,Tablet,macOS,Edge,2.7,Customer support,-58,1.8,0.22,23,2,Low,Yes,14/11/2024,07/06/2025
CUST1035,Segment 36,61,Male,74046,High School,Executive,1,Divorced,United States,Rural,Mediterranean,34.5886,-29.5275,Homebody,Spontaneous,Quality,0,113.66,86,11631.32,602,Mobile app,Books,20050.53,602,86,11631.32,Tablet,iOS,Firefox,55.3,Quality,15,4.5,0.66,15,1,Medium,Yes,24/01/2025,08/10/2024
CUST1036,Segment 37,42,Prefer not to say,63959,Other,Retired,4,Widowed,Germany,Urban,Temperate,53.9242,115.6162,Luxury-seeker,Extroverted,Brand,2,91.59,150,13030.73,353,In-store,Books,28502.4,353,150,13030.73,Desktop,Windows,Safari,50,Convenience,62,4,0.48,26,0,Medium,No,25/02/2025,17/12/2024
CUST1037,Segment 38,66,Male,29940,Bachelors,Unemployed,2,Married,United States,Rural,Temperate,43.4612,-20.1154,Family-oriented,Social,Convenience,1,35.96,89,3109.4,557,In-store,Beauty,3172.4,557,89,3109.4,Tablet,macOS,Edge,29.6,Status,-23,1.1,0.01,20,0,Low,Yes,20/08/2025,30/04/2025
CUST1038,Segment 39,44,Prefer not to say,99285,High School,Professional,5,Widowed,United Kingdom,Suburban,Continental,-22.7917,98.6478,Adventurer,Social,Sustainability,0,139.39,22,3489.51,549,Phone,Sports,7928.84,549,22,3489.51,Desktop,macOS,Firefox,66.5,Lowest price,-43,2,0.8,22,1,Medium,Yes,25/01/2025,29/09/2025
CUST1039,Segment 40,76,Male,87558,High School,Retired,2,Married,South Africa,Rural,Continental,-0.4401,-7.0422,Adventurer,Introverted,Convenience,3,65.16,92,5438.74,141,Social,Groceries,15373,141,92,5438.74,Mobile,Linux,Firefox,73.4,Lowest price,-68,1.9,0.77,23,0,Low,Yes,26/09/2025,06/08/2025
CUST1040,Segment 41,59,Non-binary,88731,PhD,Retired,5,Domestic partnership,South Africa,Rural,Continental,-35.7925,-24.4556,Adventurer,Analytical,Innovation,1,107.83,29,2697.26,611,Phone,Sports,6001.8,611,29,2697.26,Desktop,Android,Edge,9.8,Customer support,-87,2.1,0.55,8,1,High,Yes,16/10/2022,16/05/2025
CUST1041,Segment 42,45,Non-binary,37718,Masters,Professional,3,Divorced,Germany,Rural,Mediterranean,54.9456,-0.4497,Tech-savvy,Analytical,Convenience,2,19.97,13,296.28,500,Phone,Electronics,814,500,13,296.28,Tablet,Other,Other,30.9,Status,61,2,0.07,2,0,Low,Yes,23/10/2024,18/01/2025
CUST1042,Segment 43,77,Female,107084,PhD,Self-employed,5,Domestic partnership,United Kingdom,Rural,Temperate,16.6792,-45.6142,Luxury-seeker,Analytical,Quality,1,73.15,2,119.76,701,Mobile app,Apparel,293.17,701,2,119.76,Tablet,Android,Safari,30.8,Sustainability,88,1.3,0.77,18,1,High,Yes,26/08/2024,21/01/2025
CUST1043,Segment 44,33,Male,22944,PhD,Self-employed,4,Domestic partnership,Brazil,Urban,Continental,-24.8493,79.3306,Adventurer,Conscientious,Price,0,195.2,29,5931.84,546,Phone,Beauty,7362.11,546,29,5931.84,Desktop,Windows,Firefox,26.5,Sustainability,31,2.8,0.58,19,0,Medium,Yes,07/05/2021,25/07/2025
CUST1044,Segment 45,32,Male,82606,Associate,Unemployed,1,Widowed,South Africa,Rural,Mediterranean,23.8871,10.7617,Budget-conscious,Spontaneous,Price,1,132.78,180,24493.06,658,Online,Electronics,68700.75,658,180,24493.06,Tablet,Other,Edge,70.7,Novelty,-42,3.9,0.78,4,0,Low,Yes,06/09/2023,13/10/2024
CUST1045,Segment 46,79,Female,130714,High School,Retired,5,Widowed,Canada,Urban,Continental,17.9941,-64.9804,Family-oriented,Spontaneous,Innovation,2,93.46,27,2367.9,541,Online,Home & Garden,2682.56,541,27,2367.9,Desktop,iOS,Firefox,45.2,Status,56,3.4,0.75,9,0,Medium,Yes,23/10/2025,05/02/2025
CUST1046,Segment 47,79,Non-binary,35284,PhD,Unemployed,5,Widowed,South Africa,Rural,Temperate,-10.6021,121.8809,Health-conscious,Introverted,Quality,4,48.06,50,2225.36,506,Phone,Automotive,4601.9,506,50,2225.36,Tablet,Other,Edge,43.4,Status,-18,3.7,0.8,16,1,Low,Yes,04/02/2020,04/01/2025
CUST1047,Segment 48,64,Male,48011,High School,Self-employed,1,Domestic partnership,India,Rural,Temperate,-37.5087,-22.5105,Homebody,Extroverted,Sustainability,2,79.05,95,8326.38,595,Social,Home & Garden,10693.36,595,95,8326.38,Desktop,Other,Firefox,9.6,Novelty,33,1.3,0.52,14,0,High,Yes,14/04/2025,06/01/2025
CUST1048,Segment 49,79,Female,67990,Associate,Manager,4,Divorced,Brazil,Urban,Arid,23.8731,22.1948,Family-oriented,Introverted,Brand,1,86.85,151,10944.84,280,Phone,Electronics,11201.09,280,151,10944.84,Desktop,iOS,Chrome,65.9,Status,20,4.8,0.14,22,0,Medium,Yes,06/08/2025,18/03/2025
CUST1049,Segment 50,68,Male,49896,High School,Executive,2,Divorced,India,Suburban,Polar,7.2338,123.8122,Luxury-seeker,Introverted,Sustainability,2,101.95,88,8027.01,423,In-store,Automotive,14802.36,423,88,8027.01,Mobile,iOS,Other,19,Status,76,4.4,0.67,24,0,Medium,Yes,27/11/2022,30/11/2024
CUST1050,Segment 51,61,Prefer not to say,18480,PhD,Unemployed,5,Married,India,Suburban,Tropical,34.955,44.7866,Adventurer,Social,Brand,2,10.4,44,500.15,269,In-store,Books,795.28,269,44,500.15,Desktop,macOS,Safari,51.5,Novelty,67,4.2,0.62,7,0,Low,Yes,09/06/2024,02/11/2024
CUST1051,Segment 52,72,Non-binary,67057,High School,Unemployed,1,Single,Canada,Urban,Temperate,7.218,-97.2685,Luxury-seeker,Analytical,Price,2,115.1,22,2581.14,153,Social,Home & Garden,5090.01,153,22,2581.14,Desktop,macOS,Other,56.9,Customer support,-18,4.3,0.74,14,1,Medium,Yes,08/09/2024,20/10/2024
CUST1052,Segment 53,69,Prefer not to say,33131,Other,Manager,3,Divorced,United Kingdom,Rural,Tropical,43.74,133.153,Eco-friendly,Conscientious,Convenience,1,9.62,171,1400.23,613,Mobile app,Sports,3016.66,613,171,1400.23,Mobile,macOS,Other,84,Status,92,4.7,0.17,20,0,High,Yes,02/04/2025,17/09/2025
CUST1053,Segment 54,74,Non-binary,79208,Associate,Self-employed,1,Widowed,India,Suburban,Arid,10.7098,45.7583,Adventurer,Spontaneous,Convenience,6,172.87,165,32883.5,726,Online,Electronics,35760.09,726,165,32883.5,Tablet,Linux,Safari,17.3,Status,96,3.2,0.19,29,0,High,Yes,29/03/2024,30/12/2024
CUST1054,Segment 55,20,Female,37417,Masters,Unemployed,3,Married,Brazil,Rural,Polar,11.7032,-36.2264,Adventurer,Conscientious,Innovation,1,28.7,189,5193.11,661,Online,Electronics,6470.65,661,189,5193.11,Desktop,macOS,Other,3.2,Lowest price,-74,1.8,0.89,13,3,Low,Yes,08/03/2025,25/02/2025
CUST1055,Segment 56,54,Non-binary,111498,High School,Student,4,Widowed,South Africa,Urban,Mediterranean,46.4319,-91.0038,Luxury-seeker,Analytical,Sustainability,1,92.8,97,10182.14,82,Mobile app,Sports,21558.49,82,97,10182.14,Mobile,iOS,Chrome,54.6,Convenience,-21,3.5,0.75,19,1,Low,Yes,11/03/2021,04/04/2025
CUST1056,Segment 57,68,Non-binary,41502,PhD,Self-employed,2,Domestic partnership,Germany,Urban,Polar,-5.6169,92.3271,Adventurer,Analytical,Quality,0,135.31,184,27762.32,621,Phone,Apparel,46816.56,621,184,27762.32,Mobile,Other,Edge,95,Sustainability,33,4,0.91,27,0,Medium,Yes,05/05/2025,06/03/2025
CUST1057,Segment 58,24,Female,55338,Associate,Self-employed,1,Domestic partnership,Brazil,Suburban,Polar,-35.2583,43.6204,Tech-savvy,Spontaneous,Brand,0,59.86,3,188.52,425,Social,Groceries,463.45,425,3,188.52,Desktop,iOS,Safari,81,Convenience,-88,4,0.76,6,0,High,No,07/07/2021,07/10/2025
CUST1058,Segment 59,38,Non-binary,89406,PhD,Executive,5,Widowed,United States,Suburban,Mediterranean,-46.8339,19.3691,Family-oriented,Social,Convenience,2,95.44,191,18188.8,274,Phone,Sports,41917.6,274,191,18188.8,Tablet,Other,Edge,55.2,Customer support,-37,3.1,0.6,20,1,Medium,Yes,09/03/2024,27/04/2025
CUST1059,Segment 60,26,Male,28074,PhD,Unemployed,4,Divorced,South Africa,Rural,Arid,33.0651,120.2899,Eco-friendly,Extroverted,Innovation,0,161.11,118,22657.67,712,Mobile app,Books,60976.52,712,118,22657.67,Mobile,Android,Firefox,37.7,Customer support,89,1.3,0.65,22,0,High,Yes,20/04/2022,01/03/2025
CUST1060,Segment 61,56,Female,71824,High School,Retired,1,Single,Canada,Suburban,Continental,18.2341,90.8072,Family-oriented,Introverted,Sustainability,1,108.86,19,1774.61,283,Social,Books,4232.42,283,19,1774.61,Desktop,iOS,Chrome,70.2,Lowest price,46,2.5,0.89,11,1,High,Yes,02/05/2023,31/10/2024
CUST1061,Segment 62,35,Female,104214,PhD,Freelancer,5,Widowed,India,Urban,Polar,27.4488,-87.531,Health-conscious,Social,Quality,2,96.33,23,2415.13,172,Online,Home & Garden,4491.81,172,23,2415.13,Mobile,macOS,Edge,25.7,Quality,-21,4.7,0.58,16,0,Low,Yes,11/06/2023,19/01/2025
CUST1062,Segment 63,21,Female,16776,High School,Freelancer,1,Divorced,Germany,Urban,Polar,-26.5739,-42.7178,Luxury-seeker,Analytical,Price,2,18.74,157,2578.75,326,Online,Books,6049.58,326,157,2578.75,Tablet,macOS,Edge,61.9,Convenience,22,3.3,0.63,16,0,Medium,No,15/01/2025,18/09/2025
CUST1063,Segment 64,42,Prefer not to say,70539,Masters,Freelancer,3,Married,India,Urban,Arid,-34.9991,-60.423,Luxury-seeker,Analytical,Quality,0,18.98,30,532.56,717,Phone,Sports,825.87,717,30,532.56,Desktop,Other,Safari,62.6,Quality,-58,3.2,0.16,9,0,High,No,17/04/2025,27/11/2024
CUST1064,Segment 65,77,Prefer not to say,72796,Other,Executive,1,Widowed,Canada,Rural,Continental,-48.4001,78.305,Eco-friendly,Social,Price,1,137.82,39,4963.68,62,In-store,Beauty,8004.56,62,39,4963.68,Desktop,Windows,Firefox,76.5,Lowest price,-12,2.1,0.47,29,0,Low,Yes,09/05/2025,20/05/2025
CUST1065,Segment 66,31,Non-binary,88455,PhD,Freelancer,1,Married,Brazil,Suburban,Polar,-11.4354,-120.6109,Family-oriented,Introverted,Sustainability,5,109.2,108,13902.47,72,Mobile app,Apparel,35840.16,72,108,13902.47,Tablet,Linux,Safari,119,Sustainability,47,2.5,0.72,28,0,High,No,08/12/2021,22/05/2025
CUST1066,Segment 67,67,Female,27891,PhD,Manager,1,Divorced,United States,Rural,Polar,14.8909,29.5691,Family-oriented,Introverted,Quality,2,118.29,111,15584.78,635,Mobile app,Groceries,29499.48,635,111,15584.78,Tablet,iOS,Firefox,59.8,Quality,-6,4.6,0.27,18,0,Low,Yes,24/05/2022,01/08/2025
CUST1067,Segment 68,75,Non-binary,25386,PhD,Professional,4,Divorced,South Africa,Rural,Continental,-6.8532,83.4884,Health-conscious,Analytical,Innovation,4,113.12,25,2469.43,374,Phone,Home & Garden,6412.52,374,25,2469.43,Mobile,Linux,Safari,37.3,Lowest price,95,3.7,0.2,13,0,Low,Yes,30/08/2024,11/12/2024
CUST1068,Segment 69,26,Male,80658,Bachelors,Self-employed,1,Divorced,Brazil,Suburban,Temperate,-1.8778,115.4944,Eco-friendly,Extroverted,Sustainability,2,152.39,128,15776.66,632,Mobile app,Books,41726.82,632,128,15776.66,Desktop,iOS,Edge,49.4,Customer support,71,4.1,0.31,10,1,Low,Yes,17/07/2025,17/10/2025
CUST1069,Segment 70,43,Female,73910,Bachelors,Retired,5,Divorced,United States,Urban,Mediterranean,49.4575,-34.2171,Luxury-seeker,Introverted,Price,0,59.32,111,7163.98,507,Online,Sports,19451.1,507,111,7163.98,Mobile,Android,Edge,5.8,Status,50,2.8,0.24,1,1,Medium,Yes,11/11/2024,17/08/2025
CUST1070,Segment 71,70,Male,72515,Associate,Professional,3,Domestic partnership,Australia,Suburban,Temperate,-11.6919,99.952,Health-conscious,Introverted,Innovation,1,82.23,136,10816.42,397,Phone,Home & Garden,30645.84,397,136,10816.42,Desktop,Android,Chrome,32.6,Sustainability,-99,3.5,0.21,17,0,Low,Yes,23/11/2023,14/08/2025
CUST1071,Segment 72,19,Non-binary,75393,Other,Executive,3,Divorced,India,Suburban,Mediterranean,6.5388,-99.0231,Tech-savvy,Spontaneous,Convenience,1,13.28,106,1176.17,119,Online,Electronics,2189.99,119,106,1176.17,Mobile,Other,Edge,39.8,Novelty,19,2,0.42,6,1,Low,Yes,12/08/2024,17/11/2024
CUST1072,Segment 73,37,Prefer not to say,44599,Other,Self-employed,1,Domestic partnership,South Africa,Suburban,Mediterranean,36.2018,107.0066,Eco-friendly,Extroverted,Innovation,0,21.26,186,4245.01,436,Social,Groceries,6952.2,436,186,4245.01,Desktop,Linux,Other,36.9,Customer support,-79,3.8,0.91,11,0,High,Yes,19/10/2022,11/04/2025
CUST1073,Segment 74,45,Non-binary,71968,Bachelors,Executive,4,Single,South Africa,Rural,Polar,-6.3803,-94.3032,Health-conscious,Spontaneous,Convenience,0,8.8,144,1290.06,675,Social,Sports,2792.2,675,144,1290.06,Tablet,macOS,Edge,53.8,Customer support,14,2.7,0.51,25,0,Low,Yes,01/10/2013,19/10/2025
CUST1074,Segment 75,64,Male,73792,Associate,Executive,4,Domestic partnership,United States,Suburban,Mediterranean,18.4295,-18.7596,Health-conscious,Conscientious,Innovation,2,21.89,72,1879.01,464,In-store,Beauty,3273.88,464,72,1879.01,Mobile,Windows,Other,29.4,Status,-44,2.8,0.19,1,0,High,Yes,27/05/2025,11/11/2024
CUST1075,Segment 76,77,Female,43569,Bachelors,Manager,5,Married,Australia,Urban,Tropical,44.86,93.2427,Luxury-seeker,Social,Price,1,168.15,129,19326.21,285,Mobile app,Home & Garden,42559.18,285,129,19326.21,Desktop,iOS,Edge,78,Sustainability,-29,3.6,0.08,26,0,High,No,05/08/2024,17/03/2025
CUST1076,Segment 77,24,Non-binary,120973,Masters,Student,1,Single,Germany,Suburban,Continental,54.4473,-88.0231,Health-conscious,Analytical,Brand,2,16.5,108,1713.56,264,Social,Automotive,4131.69,264,108,1713.56,Desktop,iOS,Other,50,Sustainability,-94,4.7,0.7,19,0,Medium,Yes,12/09/2024,06/05/2025
CUST1077,Segment 78,61,Female,79215,Associate,Student,3,Married,United Kingdom,Urban,Continental,-33.8219,-65.8096,Homebody,Introverted,Brand,3,56.79,5,288.78,319,Mobile app,Automotive,686.38,319,5,288.78,Mobile,Other,Other,49.8,Convenience,83,1.3,0.38,17,0,Low,Yes,05/02/2025,26/01/2025
CUST1078,Segment 79,78,Prefer not to say,29261,Other,Executive,4,Widowed,Germany,Urban,Tropical,51.9246,72.2307,Homebody,Conscientious,Convenience,1,29.87,3,100.07,672,Online,Groceries,175.03,672,3,100.07,Tablet,Windows,Edge,41.8,Sustainability,18,4.3,0.82,5,0,Low,No,20/05/2025,20/09/2025
CUST1079,Segment 80,25,Prefer not to say,84697,Other,Freelancer,1,Widowed,South Africa,Urban,Continental,4.1328,71.6102,Homebody,Spontaneous,Convenience,2,38.94,193,7662.24,375,Phone,Apparel,10219.29,375,193,7662.24,Tablet,Linux,Other,53.9,Convenience,94,2.2,0.66,23,0,High,No,09/09/2025,30/08/2025
CUST1080,Segment 81,64,Prefer not to say,35760,Bachelors,Professional,4,Domestic partnership,South Africa,Rural,Arid,-21.5931,49.5213,Family-oriented,Introverted,Quality,2,85.18,132,11751.53,88,Social,Automotive,21870.29,88,132,11751.53,Mobile,Linux,Chrome,70.6,Quality,13,2.8,0.8,9,0,Medium,Yes,19/06/2021,24/08/2025
CUST1081,Segment 82,52,Female,88613,Masters,Freelancer,4,Married,Canada,Rural,Continental,0.5049,64.3056,Family-oriented,Social,Innovation,1,32.99,104,3055.13,653,Phone,Apparel,3926.42,653,104,3055.13,Mobile,Other,Firefox,28.3,Customer support,-85,1.1,0.27,19,0,Low,Yes,26/09/2024,12/12/2024
CUST1082,Segment 83,31,Non-binary,99758,Bachelors,Unemployed,3,Widowed,United States,Rural,Continental,57.8036,21.9628,Health-conscious,Spontaneous,Innovation,0,140.38,64,10231.05,202,Social,Home & Garden,28444.3,202,64,10231.05,Desktop,iOS,Other,33.5,Sustainability,-18,2.2,0.69,14,0,Medium,Yes,14/06/2024,27/06/2025
CUST1083,Segment 84,34,Female,40380,High School,Executive,2,Widowed,Australia,Suburban,Continental,4.188,-59.4963,Homebody,Extroverted,Innovation,0,167.04,106,17200.77,333,Mobile app,Home & Garden,29099.49,333,106,17200.77,Desktop,Android,Other,42.4,Customer support,78,3,0.26,4,0,High,Yes,07/11/2020,18/05/2025
CUST1084,Segment 85,53,Female,93901,High School,Unemployed,5,Widowed,United Kingdom,Rural,Mediterranean,-13.8373,-33.2051,Luxury-seeker,Extroverted,Innovation,2,8.03,98,673.92,221,Social,Books,882.11,221,98,673.92,Tablet,Windows,Chrome,16.4,Quality,-29,1.2,0.94,19,0,Low,Yes,31/10/2022,08/10/2024
CUST1085,Segment 86,67,Non-binary,77383,Masters,Freelancer,5,Single,Germany,Suburban,Temperate,19.6741,-79.1526,Homebody,Analytical,Quality,4,34.02,10,362.54,40,Social,Groceries,380.99,40,10,362.54,Tablet,iOS,Chrome,29.5,Sustainability,23,3,0.64,2,0,Medium,Yes,18/07/2025,23/05/2025
CUST1086,Segment 87,57,Prefer not to say,89662,PhD,Unemployed,3,Single,United States,Urban,Arid,-23.584,124.3662,Homebody,Introverted,Convenience,2,78.55,149,10374.8,707,Online,Beauty,23775.36,707,149,10374.8,Tablet,Android,Safari,38.1,Customer support,12,4.7,0.32,4,0,Low,Yes,28/02/2024,02/09/2025
CUST1087,Segment 88,21,Prefer not to say,121904,PhD,Executive,4,Divorced,Brazil,Suburban,Continental,-41.655,33.3497,Tech-savvy,Conscientious,Brand,0,142.57,128,15311.33,67,In-store,Electronics,34814.97,67,128,15311.33,Mobile,Linux,Firefox,71.9,Customer support,-89,1.4,0.27,29,0,Low,Yes,28/08/2024,12/08/2025
CUST1088,Segment 89,19,Non-binary,57638,High School,Manager,1,Married,Canada,Urban,Arid,-35.8232,-17.7616,Tech-savvy,Analytical,Quality,1,47.75,46,2514.54,513,Online,Sports,4227.47,513,46,2514.54,Mobile,Android,Safari,56.6,Convenience,25,4.1,0.19,24,1,Medium,Yes,21/08/2022,18/04/2025
CUST1089,Segment 90,79,Female,42388,High School,Student,4,Widowed,Australia,Suburban,Mediterranean,-35.915,-0.6384,Budget-conscious,Introverted,Price,1,73.8,155,11256.72,636,Phone,Automotive,12871.2,636,155,11256.72,Mobile,Other,Other,54.8,Customer support,-48,2.6,0.69,7,0,Low,Yes,02/04/2023,17/01/2025
CUST1090,Segment 91,23,Female,38315,PhD,Professional,3,Married,Canada,Rural,Arid,-33.2907,135.2393,Family-oriented,Introverted,Quality,2,5.6,66,406.45,621,Mobile app,Beauty,739.44,621,66,406.45,Tablet,macOS,Chrome,71.3,Novelty,-26,3.6,0.22,7,0,High,Yes,26/06/2023,14/10/2025
CUST1091,Segment 92,71,Prefer not to say,40526,Associate,Unemployed,5,Divorced,South Africa,Urban,Arid,-34.729,-87.0616,Luxury-seeker,Introverted,Quality,2,25.35,169,3925.29,597,Mobile app,Books,6368.53,597,169,3925.29,Tablet,iOS,Other,46.6,Status,32,2,0.6,7,0,Low,Yes,29/12/2024,17/10/2025
CUST1092,Segment 93,59,Male,62687,PhD,Executive,4,Domestic partnership,Canada,Suburban,Tropical,20.4962,34.1444,Tech-savvy,Introverted,Quality,5,161.72,112,20191.75,631,Social,Sports,47536.25,631,112,20191.75,Tablet,Windows,Edge,59.8,Sustainability,-74,1.6,0.26,11,0,Low,Yes,23/07/2022,20/07/2025
CUST1093,Segment 94,21,Male,75235,Bachelors,Manager,5,Divorced,United Kingdom,Suburban,Mediterranean,-29.9932,11.6488,Homebody,Introverted,Sustainability,0,12.66,13,139.03,126,Mobile app,Groceries,307.47,126,13,139.03,Tablet,Android,Firefox,47.4,Lowest price,39,1.6,0.66,23,0,Medium,Yes,19/09/2025,26/05/2025
CUST1094,Segment 95,71,Male,73301,Associate,Freelancer,1,Widowed,South Africa,Rural,Continental,-11.9766,41.2072,Homebody,Analytical,Price,1,214.72,137,27721.93,254,In-store,Sports,47936.41,254,137,27721.93,Mobile,Linux,Edge,56.6,Status,44,1.3,0.81,22,1,Medium,Yes,24/06/2025,23/11/2024
CUST1095,Segment 96,46,Female,89815,Bachelors,Student,5,Domestic partnership,Germany,Rural,Temperate,48.6467,-124.9291,Budget-conscious,Social,Convenience,1,118.51,164,23152.21,694,In-store,Electronics,33241.6,694,164,23152.21,Desktop,Android,Chrome,35.4,Convenience,33,1.7,0.78,7,0,Medium,Yes,03/01/2025,26/06/2025
CUST1096,Segment 97,35,Female,65390,High School,Executive,5,Domestic partnership,Germany,Rural,Temperate,2.1358,114.1947,Budget-conscious,Social,Brand,1,115.8,86,11129.91,15,Social,Sports,33123.41,15,86,11129.91,Mobile,Linux,Chrome,2.7,Novelty,-4,3.7,0.76,10,0,Low,No,31/08/2025,04/11/2024
CUST1097,Segment 98,43,Prefer not to say,108606,Associate,Professional,2,Divorced,Brazil,Suburban,Temperate,23.4314,130.9931,Family-oriented,Analytical,Brand,0,109.53,90,9846.88,476,Social,Groceries,18787.88,476,90,9846.88,Desktop,macOS,Chrome,46.6,Customer support,-96,4.5,0.19,13,1,Medium,Yes,16/04/2025,22/01/2025
CUST1098,Segment 99,61,Male,57060,Bachelors,Freelancer,2,Widowed,South Africa,Rural,Temperate,-31.0448,28.2373,Tech-savvy,Extroverted,Convenience,1,59.84,58,3248.28,61,Phone,Beauty,7719.69,61,58,3248.28,Desktop,Other,Firefox,85.6,Novelty,-44,4.3,0.09,7,1,Low,Yes,13/04/2022,30/09/2024
CUST1099,Segment 100,51,Prefer not to say,146605,Bachelors,Manager,2,Domestic partnership,South Africa,Suburban,Continental,-28.8482,65.0622,Luxury-seeker,Social,Sustainability,2,98.53,54,6112.62,431,Social,Electronics,7830.91,431,54,6112.62,Mobile,Linux,Safari,73.2,Customer support,55,3.7,0.7,28,2,High,Yes,28/11/2019,11/07/2025
CUST1100,Segment 101,27,Prefer not to say,83770,Associate,Freelancer,5,Divorced,Australia,Rural,Temperate,-45.5045,128.2998,Luxury-seeker,Conscientious,Brand,2,63.67,12,777.75,669,Online,Apparel,1533.08,669,12,777.75,Mobile,Windows,Other,74.1,Lowest price,-23,1.4,0.37,29,0,High,Yes,05/02/2025,29/11/2024
CUST1101,Segment 102,79,Prefer not to say,39285,Masters,Retired,3,Divorced,South Africa,Suburban,Mediterranean,-31.4171,68.0268,Adventurer,Conscientious,Quality,2,108.18,14,1671.08,267,Online,Books,1763.11,267,14,1671.08,Mobile,macOS,Other,80.9,Quality,-32,2.2,0.43,23,0,Low,Yes,18/03/2025,06/11/2024
CUST1102,Segment 103,53,Non-binary,32873,PhD,Freelancer,5,Widowed,United Kingdom,Urban,Mediterranean,-19.3551,-87.2891,Homebody,Extroverted,Brand,6,72.98,121,9728.15,34,Online,Sports,19562.44,34,121,9728.15,Tablet,Other,Other,52.2,Customer support,17,2.2,0.03,27,0,Low,Yes,03/03/2025,05/06/2025
CUST1103,Segment 104,31,Male,79474,Other,Unemployed,3,Divorced,Brazil,Rural,Arid,-30.5288,31.3607,Budget-conscious,Analytical,Price,3,17.98,162,2351.12,575,In-store,Home & Garden,6884.16,575,162,2351.12,Mobile,Android,Other,54.9,Convenience,19,2,0.26,9,0,High,Yes,05/03/2025,27/03/2025
CUST1104,Segment 105,48,Male,58296,Bachelors,Freelancer,3,Divorced,Australia,Urban,Tropical,-40.2427,39.8802,Homebody,Conscientious,Price,0,22.77,181,3505.23,493,Mobile app,Automotive,6198.7,493,181,3505.23,Tablet,Other,Other,34.6,Status,-42,3.1,0.03,6,0,High,No,02/10/2025,26/09/2024
CUST1105,Segment 106,65,Non-binary,86420,PhD,Manager,2,Divorced,United Kingdom,Suburban,Polar,-36.7301,-11.2434,Eco-friendly,Analytical,Convenience,2,15.94,121,2051.89,561,Phone,Sports,2211.92,561,121,2051.89,Desktop,Other,Safari,42.1,Quality,-68,3.1,0.88,27,0,Low,No,06/08/2020,20/05/2025
CUST1106,Segment 107,32,Non-binary,79197,Other,Freelancer,4,Married,Canada,Urban,Temperate,0.6857,76.2044,Family-oriented,Conscientious,Sustainability,1,133.25,20,2304.29,468,Social,Apparel,2446.95,468,20,2304.29,Mobile,iOS,Edge,65.4,Quality,-39,2.4,0.24,16,0,High,Yes,06/05/2025,23/06/2025
CUST1107,Segment 108,25,Male,62815,PhD,Freelancer,1,Single,Germany,Rural,Polar,-27.3033,131.6228,Homebody,Spontaneous,Innovation,2,37.95,75,2567.88,660,Phone,Sports,4560.49,660,75,2567.88,Tablet,Linux,Firefox,80.1,Customer support,-51,2.4,0.56,3,1,High,Yes,26/09/2024,19/12/2024
CUST1108,Segment 109,31,Non-binary,39596,High School,Self-employed,2,Married,Brazil,Rural,Polar,-9.9303,129.1592,Health-conscious,Extroverted,Innovation,3,17.03,144,2890.44,324,In-store,Groceries,3815.52,324,144,2890.44,Tablet,Other,Edge,46.5,Customer support,11,4.3,0.04,28,0,Low,Yes,21/10/2025,01/12/2024
CUST1109,Segment 110,40,Prefer not to say,19555,Other,Executive,2,Divorced,India,Suburban,Polar,5.3759,-3.765,Budget-conscious,Extroverted,Sustainability,1,98.81,70,7083.21,303,Social,Beauty,7414.03,303,70,7083.21,Tablet,Windows,Edge,38.7,Convenience,-82,4.2,0.67,12,0,Medium,Yes,04/12/2021,01/06/2025
CUST1110,Segment 111,77,Female,51605,PhD,Self-employed,4,Single,Germany,Rural,Arid,25.9434,-98.2933,Homebody,Extroverted,Brand,2,165.87,56,10220.3,275,Social,Beauty,25677.76,275,56,10220.3,Mobile,iOS,Other,50,Status,96,2.2,0.32,3,1,Medium,Yes,15/03/2023,23/09/2025
CUST1111,Segment 112,74,Prefer not to say,90692,Bachelors,Freelancer,1,Domestic partnership,United States,Urban,Mediterranean,-45.6757,145.7555,Luxury-seeker,Analytical,Sustainability,3,121.38,101,12543.7,683,In-store,Home & Garden,24046.85,683,101,12543.7,Desktop,iOS,Other,65,Customer support,22,4.7,0.9,4,0,High,Yes,19/12/2019,09/05/2025
CUST1112,Segment 113,79,Male,71423,Other,Executive,5,Married,Germany,Rural,Temperate,37.9351,104.8915,Family-oriented,Introverted,Sustainability,3,38.8,186,7368.39,200,Mobile app,Books,11630.93,200,186,7368.39,Mobile,macOS,Safari,13.9,Convenience,93,4.8,0.89,25,0,Low,Yes,14/10/2022,07/10/2025
CUST1113,Segment 114,57,Non-binary,27628,High School,Self-employed,5,Married,Germany,Urban,Continental,19.069,-95.0944,Luxury-seeker,Extroverted,Brand,2,18.38,132,2032.3,444,Social,Home & Garden,5690.78,444,132,2032.3,Tablet,Android,Firefox,4.2,Customer support,-54,2.3,0.33,21,0,High,Yes,27/01/2025,06/04/2025
CUST1114,Segment 115,38,Female,70195,Associate,Freelancer,2,Married,South Africa,Rural,Arid,-41.0065,127.8357,Health-conscious,Conscientious,Price,2,66.94,111,6965.69,323,Mobile app,Books,8583.67,323,111,6965.69,Desktop,iOS,Chrome,36.2,Customer support,66,2.4,0.9,3,0,High,Yes,04/04/2025,24/06/2025
CUST1115,Segment 116,33,Male,76560,Bachelors,Professional,1,Widowed,United Kingdom,Suburban,Mediterranean,46.0936,113.571,Budget-conscious,Spontaneous,Quality,1,65.45,125,7469.26,34,In-store,Groceries,21749.27,34,125,7469.26,Desktop,Windows,Edge,19.5,Lowest price,95,3,1,17,1,Low,No,08/06/2023,27/11/2024
CUST1116,Segment 117,62,Non-binary,38484,High School,Self-employed,2,Divorced,South Africa,Rural,Continental,51.296,15.2747,Eco-friendly,Analytical,Convenience,0,16.85,132,2126.98,481,Phone,Automotive,3462.58,481,132,2126.98,Desktop,Linux,Chrome,37.3,Lowest price,-68,4.8,0.83,5,0,Medium,Yes,02/12/2024,07/11/2024
CUST1117,Segment 118,35,Female,69612,High School,Executive,3,Domestic partnership,South Africa,Suburban,Mediterranean,-43.2814,35.5571,Homebody,Conscientious,Innovation,1,108.06,20,2419.11,727,Social,Books,6717.4,727,20,2419.11,Desktop,Linux,Firefox,46.3,Customer support,40,4.5,0.84,23,1,High,Yes,27/02/2024,26/03/2025
CUST1118,Segment 119,64,Female,66746,Other,Self-employed,2,Domestic partnership,India,Rural,Temperate,-19.5435,-18.2792,Homebody,Introverted,Price,1,185.8,138,24326.92,479,Mobile app,Beauty,53662.41,479,138,24326.92,Tablet,Linux,Edge,38.7,Novelty,-17,1.4,0.25,23,0,High,No,24/10/2025,25/07/2025
CUST1119,Segment 120,70,Non-binary,30711,PhD,Retired,2,Domestic partnership,India,Suburban,Arid,38.6821,-114.6667,Health-conscious,Conscientious,Sustainability,4,88.34,24,2079.2,64,Social,Beauty,5516.98,64,24,2079.2,Tablet,macOS,Chrome,86.3,Sustainability,81,2.6,0.58,22,1,Medium,No,12/09/2025,18/05/2025
CUST1120,Segment 121,41,Female,75734,Associate,Retired,5,Divorced,Brazil,Urban,Polar,32.3086,-36.1448,Family-oriented,Extroverted,Sustainability,1,84.63,154,12498.05,7,Mobile app,Apparel,37094.54,7,154,12498.05,Desktop,Windows,Chrome,58.2,Novelty,34,3.2,0.07,21,1,Low,Yes,17/04/2024,03/06/2025
CUST1121,Segment 122,43,Male,81824,Bachelors,Professional,5,Single,South Africa,Urban,Arid,-29.7027,94.799,Family-oriented,Spontaneous,Innovation,0,18.77,37,581.54,300,Social,Books,916.98,300,37,581.54,Desktop,iOS,Safari,57.5,Quality,-22,3,0.09,1,0,Low,Yes,27/02/2024,11/10/2025
CUST1122,Segment 123,42,Non-binary,97492,Bachelors,Manager,5,Married,India,Urban,Arid,-26.9716,-128.703,Tech-savvy,Extroverted,Brand,1,158.84,54,8375.18,342,Social,Groceries,24474.55,342,54,8375.18,Desktop,Other,Firefox,65.6,Customer support,-87,1.8,1,22,0,Low,Yes,16/01/2023,08/01/2025
CUST1123,Segment 124,77,Prefer not to say,96614,PhD,Manager,3,Divorced,Australia,Urban,Temperate,-9.2481,-36.6202,Adventurer,Social,Convenience,3,70.49,103,6376.46,430,Social,Apparel,11343.49,430,103,6376.46,Desktop,Windows,Firefox,21.5,Novelty,46,4.4,0.33,10,0,Low,No,17/07/2025,17/04/2025
CUST1124,Segment 125,77,Male,23670,Associate,Executive,5,Married,Australia,Suburban,Polar,3.2975,-18.5128,Adventurer,Extroverted,Quality,2,40.26,149,5247.03,423,Phone,Apparel,9292.62,423,149,5247.03,Tablet,macOS,Firefox,76,Sustainability,27,3.7,0.75,27,0,Low,Yes,21/05/2024,31/05/2025
CUST1125,Segment 126,77,Male,36865,Other,Unemployed,1,Divorced,Brazil,Suburban,Polar,18.008,20.4708,Family-oriented,Social,Brand,0,78.82,38,2508.79,331,Social,Electronics,4216.71,331,38,2508.79,Desktop,macOS,Edge,48.1,Novelty,-47,4.4,0.81,13,1,High,Yes,24/05/2025,29/10/2024
CUST1126,Segment 127,62,Non-binary,80451,Bachelors,Manager,4,Married,Australia,Urban,Tropical,-9.4195,127.5596,Budget-conscious,Extroverted,Innovation,2,103.32,174,16946.99,437,Mobile app,Beauty,35297.45,437,174,16946.99,Desktop,Android,Safari,66.8,Status,47,4.4,0.86,29,1,High,Yes,18/08/2025,28/06/2025
CUST1127,Segment 128,58,Non-binary,80414,Associate,Executive,1,Divorced,Brazil,Urban,Tropical,0.8788,-33.0231,Family-oriented,Spontaneous,Brand,0,83.35,4,367.74,587,Phone,Home & Garden,481.11,587,4,367.74,Mobile,Windows,Other,23.2,Lowest price,-72,4,1,4,0,Medium,Yes,08/10/2024,24/09/2024
CUST1128,Segment 129,46,Female,80451,Other,Professional,1,Single,United States,Urban,Mediterranean,32.2218,-32.8531,Luxury-seeker,Spontaneous,Quality,2,147.37,188,25228.04,173,Online,Home & Garden,53166.15,173,188,25228.04,Tablet,Linux,Edge,11.2,Sustainability,-77,2.8,0.24,5,0,Medium,Yes,20/06/2025,25/04/2025
CUST1129,Segment 130,32,Male,180582,Other,Unemployed,5,Domestic partnership,India,Rural,Continental,-45.9648,76.5003,Family-oriented,Analytical,Quality,1,98.04,57,5168.82,558,Mobile app,Groceries,10768.77,558,57,5168.82,Desktop,macOS,Firefox,70.4,Lowest price,-19,3.4,0.04,9,0,Medium,Yes,28/04/2025,02/06/2025
CUST1130,Segment 131,62,Female,82127,Bachelors,Unemployed,4,Married,South Africa,Urban,Tropical,-22.2319,-3.379,Luxury-seeker,Extroverted,Sustainability,2,57.96,173,10599.32,526,Mobile app,Books,26750.6,526,173,10599.32,Desktop,macOS,Edge,59.4,Customer support,-38,1.6,0.41,7,0,Medium,Yes,23/01/2025,17/07/2025
CUST1131,Segment 132,18,Male,99067,PhD,Retired,4,Divorced,Brazil,Suburban,Temperate,28.4685,-67.1106,Adventurer,Social,Brand,2,99.07,20,1740.34,658,Online,Apparel,4642.01,658,20,1740.34,Mobile,Android,Chrome,27.4,Lowest price,4,3.7,0.13,13,1,Low,No,23/03/2025,28/02/2025
CUST1132,Segment 133,42,Male,93620,Masters,Freelancer,4,Single,Brazil,Suburban,Arid,48.4728,-3.3169,Tech-savvy,Analytical,Price,3,104.98,17,2068.03,25,Phone,Beauty,3889.72,25,17,2068.03,Desktop,Other,Edge,28.3,Customer support,-44,1.7,0.02,23,0,Low,Yes,23/08/2025,12/03/2025
CUST1133,Segment 134,24,Prefer not to say,84542,Bachelors,Unemployed,3,Single,United Kingdom,Suburban,Polar,6.2845,-90.56,Tech-savvy,Conscientious,Price,0,16.49,119,1978.16,604,Social,Books,3174.29,604,119,1978.16,Desktop,Linux,Edge,78.1,Lowest price,35,3.8,0.36,2,0,Medium,Yes,21/08/2025,06/04/2025
CUST1134,Segment 135,26,Male,55542,High School,Student,5,Domestic partnership,South Africa,Rural,Arid,8.5325,-80.6116,Health-conscious,Spontaneous,Brand,0,143.97,71,10007.63,405,Mobile app,Apparel,15198.29,405,71,10007.63,Desktop,Other,Firefox,20.3,Customer support,-39,1.9,0.78,11,0,High,Yes,25/05/2025,14/04/2025
CUST1135,Segment 136,41,Female,87769,High School,Executive,4,Divorced,United States,Rural,Temperate,-38.2111,9.543,Family-oriented,Analytical,Quality,2,56.95,4,233.07,231,Online,Books,323.79,231,4,233.07,Mobile,macOS,Chrome,91.1,Convenience,56,1.5,0.57,15,0,Low,Yes,21/09/2025,28/09/2024
CUST1136,Segment 137,18,Female,41815,Other,Unemployed,3,Married,United Kingdom,Rural,Arid,-0.7846,-12.7009,Luxury-seeker,Spontaneous,Convenience,2,58.48,14,709.35,532,Social,Electronics,791.13,532,14,709.35,Tablet,iOS,Firefox,27.5,Sustainability,-84,1.7,0.31,27,0,Low,Yes,10/11/2023,24/09/2024
CUST1137,Segment 138,61,Prefer not to say,57895,Masters,Unemployed,2,Widowed,India,Rural,Polar,8.5879,126.1569,Health-conscious,Analytical,Quality,5,120.08,3,376.59,549,Phone,Books,634.51,549,3,376.59,Mobile,Linux,Chrome,66,Quality,-35,1,0.65,29,0,High,Yes,23/02/2025,26/11/2024
CUST1138,Segment 139,25,Female,50439,Bachelors,Student,2,Single,Canada,Suburban,Tropical,-23.3282,-28.5297,Family-oriented,Conscientious,Quality,0,119.83,80,9061.45,504,Mobile app,Home & Garden,13959.12,504,80,9061.45,Tablet,Windows,Chrome,41.8,Sustainability,-95,3.9,0.23,22,0,High,Yes,03/03/2025,03/08/2025
CUST1139,Segment 140,41,Non-binary,67456,High School,Unemployed,3,Single,South Africa,Rural,Continental,-20.3832,32.5647,Tech-savvy,Conscientious,Convenience,0,32.95,186,7102.39,668,Social,Automotive,20830.14,668,186,7102.39,Mobile,Android,Chrome,65.1,Quality,-43,3.9,0.01,16,0,High,Yes,07/01/2025,09/06/2025
CUST1140,Segment 141,28,Prefer not to say,134440,High School,Freelancer,3,Domestic partnership,Canada,Rural,Polar,-8.4987,47.034,Adventurer,Introverted,Innovation,3,123.17,55,5877.03,178,Social,Books,12432.37,178,55,5877.03,Mobile,Other,Firefox,36.4,Sustainability,-32,3.1,0.76,0,0,High,Yes,27/08/2023,16/12/2024
CUST1141,Segment 142,68,Female,8982,Bachelors,Student,5,Divorced,South Africa,Rural,Polar,-47.7922,-126.3336,Health-conscious,Social,Quality,0,41.37,132,5476.24,131,In-store,Electronics,9279.78,131,132,5476.24,Desktop,iOS,Chrome,45.9,Sustainability,55,1.6,0.62,22,0,High,Yes,27/09/2021,13/04/2025
CUST1142,Segment 143,34,Female,85588,Associate,Retired,5,Widowed,United States,Urban,Polar,-14.5713,55.7905,Luxury-seeker,Introverted,Convenience,0,184.17,120,22967.73,454,Online,Books,49631.78,454,120,22967.73,Tablet,iOS,Safari,51,Lowest price,-39,1.3,0.76,9,1,Medium,Yes,24/12/2022,13/09/2025
CUST1143,Segment 144,25,Non-binary,16619,Other,Self-employed,2,Widowed,United Kingdom,Suburban,Mediterranean,-26.7407,-80.1499,Tech-savvy,Social,Brand,2,25.31,24,494.06,347,Social,Sports,631.6,347,24,494.06,Tablet,Windows,Safari,24.9,Quality,68,1.1,0.04,24,0,High,Yes,24/03/2023,14/01/2025
CUST1144,Segment 145,52,Prefer not to say,50842,Bachelors,Unemployed,4,Widowed,Brazil,Rural,Mediterranean,-13.9753,139.0997,Adventurer,Conscientious,Convenience,1,89.37,162,13688.56,539,Phone,Electronics,25845.2,539,162,13688.56,Tablet,Android,Other,68.5,Novelty,96,1.7,0.84,22,0,Low,Yes,02/07/2024,14/10/2025
CUST1145,Segment 146,52,Non-binary,97669,Associate,Unemployed,2,Divorced,United Kingdom,Urban,Polar,-36.8262,-88.3744,Family-oriented,Analytical,Price,1,28.08,158,4849.49,405,In-store,Automotive,10923.32,405,158,4849.49,Tablet,macOS,Safari,37.2,Quality,-19,4.6,0.62,9,0,High,Yes,18/06/2023,15/09/2025
CUST1146,Segment 147,50,Prefer not to say,66928,Other,Executive,4,Married,Canada,Suburban,Temperate,47.958,-13.9052,Health-conscious,Extroverted,Convenience,2,208.36,82,19275.05,75,Social,Sports,38122.11,75,82,19275.05,Desktop,Other,Other,44.3,Quality,68,2,0.56,20,1,Medium,Yes,20/03/2024,13/05/2025
CUST1147,Segment 148,76,Prefer not to say,32668,Masters,Freelancer,4,Single,South Africa,Rural,Polar,15.2952,-106.1021,Luxury-seeker,Spontaneous,Quality,0,21.48,147,2921.58,578,Social,Electronics,5269.24,578,147,2921.58,Desktop,Other,Safari,25.1,Sustainability,76,2.4,0.62,23,0,Low,Yes,04/05/2025,23/12/2024
CUST1148,Segment 149,22,Male,43541,PhD,Executive,5,Divorced,Germany,Suburban,Mediterranean,24.7013,149.1248,Adventurer,Conscientious,Innovation,0,106.46,159,18948.87,491,Phone,Beauty,56613.48,491,159,18948.87,Mobile,Android,Firefox,5.7,Quality,76,1.4,0.86,1,1,High,Yes,11/05/2025,15/09/2025
CUST1149,Segment 150,59,Female,85388,Other,Self-employed,1,Widowed,India,Suburban,Mediterranean,36.8088,10.6146,Family-oriented,Conscientious,Brand,1,30.91,188,6898.35,193,In-store,Apparel,19043.79,193,188,6898.35,Mobile,Other,Other,45.2,Customer support,-30,1.9,0.59,8,0,High,No,14/02/2025,23/07/2025
CUST1150,Segment 151,56,Female,43089,Masters,Unemployed,1,Single,Brazil,Urban,Arid,4.8286,36.7078,Budget-conscious,Analytical,Convenience,1,53.75,60,3685.37,161,In-store,Electronics,8280.33,161,60,3685.37,Desktop,macOS,Edge,110.3,Sustainability,30,3.1,0.58,21,0,High,Yes,29/12/2020,10/02/2025
CUST1151,Segment 152,75,Male,71494,PhD,Freelancer,3,Single,Canada,Rural,Temperate,-40.4388,-111.2186,Family-oriented,Extroverted,Quality,3,102.21,147,12726.93,346,Online,Automotive,27219.78,346,147,12726.93,Mobile,Windows,Edge,69.6,Novelty,-91,3.4,0.99,12,0,Low,Yes,29/03/2024,12/07/2025
CUST1152,Segment 153,58,Non-binary,66367,High School,Student,5,Widowed,India,Suburban,Tropical,9.0817,79.9889,Tech-savvy,Conscientious,Innovation,1,148.48,49,7973.19,360,Social,Groceries,17870.48,360,49,7973.19,Desktop,Windows,Safari,49.5,Customer support,-3,2,0.76,24,0,High,Yes,07/03/2023,19/01/2025
CUST1153,Segment 154,45,Male,45452,High School,Unemployed,4,Widowed,Brazil,Urban,Arid,14.5525,-71.2264,Health-conscious,Conscientious,Convenience,2,172.4,63,10077.75,583,Online,Apparel,14135.3,583,63,10077.75,Tablet,iOS,Edge,43.4,Convenience,-12,1.2,0.44,15,0,Medium,Yes,22/12/2024,22/10/2024
CUST1154,Segment 155,24,Female,129318,High School,Retired,1,Single,India,Suburban,Mediterranean,31.9983,121.4552,Eco-friendly,Analytical,Brand,2,23.44,110,3082.13,86,In-store,Electronics,5517.86,86,110,3082.13,Mobile,iOS,Safari,50.6,Lowest price,-66,2.6,0.71,17,1,Medium,Yes,11/10/2024,20/11/2024
CUST1155,Segment 156,26,Female,84018,Other,Unemployed,4,Domestic partnership,South Africa,Suburban,Arid,-2.5174,-72.5609,Family-oriented,Conscientious,Brand,1,91.07,150,13580.5,261,Online,Apparel,14652.26,261,150,13580.5,Desktop,iOS,Safari,63.7,Customer support,-99,1.9,0.39,18,0,High,Yes,23/07/2025,17/07/2025
CUST1156,Segment 157,25,Male,8000,Associate,Manager,1,Single,United States,Urban,Arid,-35.9662,-76.6074,Homebody,Social,Price,1,162.57,152,20978.68,213,Phone,Books,40931.34,213,152,20978.68,Tablet,Windows,Edge,20.5,Customer support,23,1.9,0.23,11,0,Low,Yes,13/06/2025,15/02/2025
CUST1157,Segment 158,29,Male,70594,PhD,Freelancer,1,Married,Canada,Suburban,Arid,-18.7847,-119.7661,Eco-friendly,Social,Brand,0,6.04,109,717.66,664,Mobile app,Electronics,1497.07,664,109,717.66,Tablet,macOS,Edge,77.9,Status,-77,4.8,0.6,7,1,Low,Yes,25/04/2022,15/10/2024
CUST1158,Segment 159,51,Male,45146,High School,Manager,1,Married,Australia,Urban,Temperate,-10.0609,2.1787,Eco-friendly,Extroverted,Innovation,1,93.86,76,6628.35,721,Phone,Sports,9647.56,721,76,6628.35,Tablet,Windows,Chrome,67.9,Convenience,-27,3.5,0.93,16,1,Medium,Yes,26/01/2024,06/04/2025
CUST1159,Segment 160,50,Female,90573,Bachelors,Student,5,Domestic partnership,Germany,Rural,Tropical,21.0509,28.1555,Health-conscious,Social,Quality,0,74.87,30,2692.69,572,In-store,Automotive,7884.35,572,30,2692.69,Desktop,Windows,Other,68,Quality,65,3.2,0.93,14,1,Medium,Yes,01/01/2025,28/11/2024
CUST1160,Segment 161,65,Male,41224,PhD,Unemployed,2,Divorced,Australia,Suburban,Tropical,12.7856,-111.6016,Health-conscious,Social,Brand,1,99.87,58,6904.11,261,Phone,Home & Garden,19462.06,261,58,6904.11,Desktop,iOS,Safari,61,Customer support,-79,2.7,0.34,9,0,Low,Yes,31/07/2022,16/09/2025
CUST1161,Segment 162,72,Male,61558,PhD,Student,4,Single,Canada,Rural,Polar,-10.8294,87.1477,Luxury-seeker,Conscientious,Brand,3,28.66,117,3562.64,729,In-store,Home & Garden,8708.11,729,117,3562.64,Desktop,Android,Edge,50.5,Novelty,53,2.7,0.53,14,0,Low,Yes,05/04/2025,10/11/2024
CUST1162,Segment 163,40,Non-binary,80150,Associate,Professional,5,Married,Brazil,Rural,Mediterranean,58.5167,-3.0791,Tech-savvy,Spontaneous,Quality,0,5.3,159,717.92,282,Phone,Automotive,1483.78,282,159,717.92,Tablet,iOS,Other,66.8,Lowest price,70,3.2,0.21,14,1,Medium,Yes,15/05/2018,26/02/2025
CUST1163,Segment 164,79,Male,90973,Masters,Unemployed,5,Single,Canada,Suburban,Continental,16.6352,16.8293,Luxury-seeker,Social,Quality,0,28.91,100,3107.09,647,Social,Groceries,8513.23,647,100,3107.09,Tablet,Android,Edge,64.8,Novelty,82,3.8,1,22,1,High,Yes,24/12/2024,15/01/2025
CUST1164,Segment 165,41,Female,28991,Associate,Manager,5,Domestic partnership,Canada,Urban,Temperate,-23.9051,-6.5864,Budget-conscious,Extroverted,Innovation,2,133.58,192,21472.28,466,Social,Automotive,27083.09,466,192,21472.28,Tablet,macOS,Edge,41.1,Customer support,-62,3.8,0.98,6,0,High,Yes,01/01/2025,08/11/2024
CUST1165,Segment 166,54,Non-binary,54965,High School,Freelancer,5,Widowed,South Africa,Suburban,Tropical,-38.8039,-17.7863,Family-oriented,Social,Brand,1,141.24,19,2178.37,379,Phone,Books,5622.42,379,19,2178.37,Desktop,macOS,Chrome,35.7,Lowest price,56,1.7,0.65,12,0,Low,Yes,29/01/2025,29/01/2025
CUST1166,Segment 167,52,Prefer not to say,50752,Bachelors,Manager,5,Domestic partnership,United Kingdom,Suburban,Mediterranean,-33.1855,26.6993,Health-conscious,Conscientious,Innovation,4,93.16,176,18514.27,361,Online,Automotive,23136.2,361,176,18514.27,Desktop,Linux,Safari,52.5,Lowest price,-81,3,0.8,16,0,High,Yes,25/07/2025,07/08/2025
CUST1167,Segment 168,61,Female,45400,Bachelors,Student,3,Domestic partnership,Germany,Urban,Mediterranean,-22.9446,-86.5327,Adventurer,Introverted,Brand,2,42.95,173,6567.7,448,In-store,Automotive,16999.97,448,173,6567.7,Mobile,Linux,Safari,88.7,Lowest price,-60,2.6,0.72,8,0,Low,No,03/08/2025,11/07/2025
CUST1168,Segment 169,57,Female,117964,High School,Self-employed,4,Domestic partnership,United States,Urban,Temperate,-32.325,-79.0601,Health-conscious,Conscientious,Convenience,3,24.37,94,2179.93,440,Social,Apparel,3382.24,440,94,2179.93,Tablet,Linux,Firefox,19,Novelty,81,4.5,0.59,7,0,Medium,Yes,27/09/2023,22/04/2025
CUST1169,Segment 170,39,Prefer not to say,77149,Bachelors,Unemployed,5,Married,United States,Suburban,Temperate,-29.4776,111.3,Health-conscious,Analytical,Brand,3,108.8,183,23681.09,92,In-store,Home & Garden,65222.01,92,183,23681.09,Desktop,macOS,Chrome,13.3,Quality,47,3.5,0.05,19,1,Medium,Yes,01/09/2021,14/01/2025
CUST1170,Segment 171,44,Female,27173,Associate,Retired,4,Domestic partnership,India,Urban,Mediterranean,-18.6395,134.9123,Health-conscious,Extroverted,Price,0,8.95,113,945.35,620,Social,Groceries,2730.25,620,113,945.35,Mobile,iOS,Other,54.1,Customer support,7,3.1,0.45,25,0,Low,Yes,13/09/2022,27/09/2024
CUST1171,Segment 172,52,Prefer not to say,92536,Other,Executive,3,Widowed,United States,Rural,Polar,-30.9289,-25.4734,Health-conscious,Social,Price,1,32.32,183,5433.09,423,Mobile app,Apparel,7049.93,423,183,5433.09,Mobile,iOS,Chrome,51.3,Lowest price,46,1.5,0.67,26,0,Medium,Yes,09/07/2025,20/02/2025
CUST1172,Segment 173,18,Prefer not to say,128665,Associate,Freelancer,3,Widowed,Germany,Urban,Tropical,48.6442,-54.1915,Homebody,Analytical,Price,1,39.81,146,6784.55,141,Phone,Home & Garden,13062.64,141,146,6784.55,Tablet,iOS,Other,54.3,Customer support,-17,3.4,0.68,20,1,High,Yes,01/04/2024,31/03/2025
CUST1173,Segment 174,52,Female,95974,Other,Retired,4,Widowed,India,Rural,Continental,-41.1743,50.3199,Budget-conscious,Social,Price,2,63.15,63,3359,290,Social,Automotive,9949.27,290,63,3359,Tablet,Windows,Safari,56.1,Customer support,10,1.5,0.37,17,0,Medium,Yes,08/08/2025,11/01/2025
CUST1174,Segment 175,54,Male,19419,High School,Retired,1,Divorced,India,Rural,Continental,7.6963,-15.5544,Adventurer,Introverted,Innovation,3,29.46,116,3772.19,431,Phone,Home & Garden,7419.2,431,116,3772.19,Desktop,Linux,Firefox,44.4,Novelty,-35,2.3,0.94,12,1,Medium,Yes,25/09/2025,18/06/2025
CUST1175,Segment 176,64,Male,50473,Bachelors,Unemployed,2,Domestic partnership,Brazil,Rural,Continental,-4.8563,-122.8918,Family-oriented,Spontaneous,Brand,1,77.01,113,10401.01,688,Mobile app,Beauty,28364.54,688,113,10401.01,Mobile,iOS,Firefox,87.2,Status,57,1.6,0.17,15,0,High,Yes,10/09/2023,11/04/2025
CUST1176,Segment 177,31,Prefer not to say,103007,PhD,Self-employed,1,Widowed,United Kingdom,Urban,Arid,58.0616,-86.2773,Eco-friendly,Introverted,Convenience,3,37.69,47,2055.78,652,In-store,Electronics,4476.38,652,47,2055.78,Tablet,Linux,Safari,10,Status,-48,3.8,0.5,8,0,High,Yes,17/04/2024,17/01/2025
CUST1177,Segment 178,20,Non-binary,43770,Masters,Unemployed,1,Divorced,Australia,Urban,Tropical,-37.6757,70.4722,Homebody,Conscientious,Innovation,1,117.08,57,7078.43,700,Phone,Electronics,12391.92,700,57,7078.43,Tablet,Linux,Edge,29.3,Lowest price,-67,1.8,0.69,11,0,Low,Yes,27/08/2025,07/12/2024
CUST1178,Segment 179,18,Prefer not to say,78315,PhD,Self-employed,1,Domestic partnership,Brazil,Suburban,Arid,-6.2359,54.4987,Tech-savvy,Conscientious,Quality,0,136.86,118,14948.35,48,Social,Sports,23492.34,48,118,14948.35,Mobile,Windows,Chrome,47.4,Sustainability,49,2.6,0.7,11,0,Medium,No,03/10/2025,26/07/2025
CUST1179,Segment 180,22,Prefer not to say,88239,Other,Professional,5,Domestic partnership,United Kingdom,Urban,Arid,56.6417,-122.4131,Homebody,Analytical,Brand,1,81.51,45,3307.5,301,Mobile app,Books,4651.82,301,45,3307.5,Tablet,macOS,Firefox,8.9,Novelty,-34,4.6,0.65,5,1,Low,Yes,01/09/2016,24/01/2025
CUST1180,Segment 181,43,Prefer not to say,37192,Associate,Freelancer,3,Single,United Kingdom,Urban,Mediterranean,45.2058,-67.8478,Eco-friendly,Analytical,Sustainability,3,102.76,161,18657.11,189,Social,Automotive,47083.02,189,161,18657.11,Mobile,iOS,Edge,45.6,Quality,33,1.8,0.28,18,1,Low,Yes,06/10/2025,08/12/2024
CUST1181,Segment 182,72,Male,63214,Associate,Student,1,Domestic partnership,United Kingdom,Rural,Arid,39.8779,-65.2991,Eco-friendly,Conscientious,Brand,1,202.07,145,33751.69,135,Mobile app,Automotive,59844.48,135,145,33751.69,Mobile,Windows,Other,91.5,Novelty,-74,3,0.16,27,0,High,Yes,25/08/2024,24/03/2025
CUST1182,Segment 183,31,Male,8000,Associate,Student,3,Single,Canada,Urban,Polar,-21.6307,58.13,Tech-savvy,Extroverted,Innovation,1,14.55,198,2910.21,554,Mobile app,Beauty,5886.05,554,198,2910.21,Tablet,macOS,Firefox,50.5,Status,-91,2.7,0.64,6,0,Low,Yes,03/06/2024,01/08/2025
CUST1183,Segment 184,56,Male,34268,Associate,Retired,4,Married,Brazil,Urban,Polar,-31.2024,-124.481,Homebody,Conscientious,Price,2,10.14,4,36.41,403,Social,Beauty,72.26,403,4,36.41,Mobile,macOS,Other,55.8,Status,-28,1.1,0.6,24,0,Low,Yes,29/07/2025,18/08/2025
CUST1184,Segment 185,44,Prefer not to say,57423,Masters,Executive,2,Married,Australia,Rural,Temperate,23.5508,-100.8496,Eco-friendly,Conscientious,Sustainability,4,116.7,148,14597.56,601,Phone,Books,31451.29,601,148,14597.56,Mobile,iOS,Edge,18.5,Status,-5,4.2,0.18,2,1,Medium,Yes,15/06/2025,24/02/2025
CUST1185,Segment 186,26,Non-binary,27567,High School,Professional,4,Divorced,South Africa,Urban,Temperate,52.2314,93.9765,Family-oriented,Social,Innovation,1,191.79,47,7525.64,340,In-store,Groceries,20553.68,340,47,7525.64,Desktop,Other,Other,34.6,Convenience,-53,1.3,0.71,15,0,Low,Yes,16/12/2024,22/06/2025
CUST1186,Segment 187,32,Male,113972,Associate,Student,4,Single,United Kingdom,Rural,Tropical,11.2439,-80.0075,Homebody,Introverted,Brand,1,59.37,143,9233.89,703,In-store,Home & Garden,27345.97,703,143,9233.89,Mobile,Linux,Edge,40.6,Novelty,-31,2.9,0.46,17,0,Low,Yes,17/12/2022,31/03/2025
CUST1187,Segment 188,32,Female,22096,Other,Student,5,Married,Australia,Urban,Tropical,12.8774,52.7689,Homebody,Extroverted,Convenience,3,178.61,198,34234.79,317,Mobile app,Sports,62141.91,317,198,34234.79,Tablet,Android,Other,42.1,Customer support,86,3.2,0.67,15,0,Low,Yes,30/05/2024,20/11/2024
CUST1188,Segment 189,43,Female,51799,Bachelors,Executive,2,Married,South Africa,Urban,Polar,-19.2023,-63.3088,Tech-savvy,Social,Innovation,2,80.79,47,4412.81,617,Social,Beauty,11716.18,617,47,4412.81,Mobile,Linux,Chrome,82,Customer support,-1,3.5,0.84,22,0,Medium,Yes,18/10/2023,25/07/2025
CUST1189,Segment 190,59,Female,68922,Masters,Executive,4,Married,Germany,Suburban,Temperate,34.6442,-102.1564,Adventurer,Spontaneous,Convenience,2,34.15,78,2919.06,362,Mobile app,Apparel,7382.47,362,78,2919.06,Mobile,Linux,Firefox,63.9,Convenience,-42,3.8,0.17,6,0,High,No,29/05/2017,15/08/2025
CUST1190,Segment 191,77,Prefer not to say,108238,Other,Student,4,Domestic partnership,South Africa,Urban,Mediterranean,-29.4252,-61.9118,Adventurer,Extroverted,Sustainability,2,15.56,124,1691.16,381,In-store,Electronics,3631.02,381,124,1691.16,Tablet,Android,Firefox,22.2,Status,-99,2,0.02,3,0,Medium,Yes,27/11/2022,05/09/2025
CUST1191,Segment 192,30,Female,21924,Other,Manager,2,Single,Germany,Rural,Temperate,-14.3953,72.2347,Health-conscious,Social,Quality,2,112.76,75,8841.89,232,Mobile app,Automotive,25748.42,232,75,8841.89,Mobile,Other,Edge,56.2,Sustainability,56,1,0.78,26,0,High,Yes,08/09/2024,19/11/2024
CUST1192,Segment 193,68,Prefer not to say,99895,Associate,Executive,2,Married,United States,Urban,Arid,-3.202,109.595,Eco-friendly,Conscientious,Innovation,1,20.1,103,2016.89,343,Mobile app,Electronics,2825.56,343,103,2016.89,Mobile,macOS,Other,62.5,Novelty,95,3.9,0.61,24,1,High,No,23/08/2024,05/09/2025
CUST1193,Segment 194,49,Female,65307,Bachelors,Manager,4,Single,South Africa,Suburban,Continental,5.8371,102.4616,Health-conscious,Social,Sustainability,0,79.88,137,11281.71,548,In-store,Beauty,13747.08,548,137,11281.71,Mobile,Android,Safari,78.5,Quality,-36,3.1,0.7,29,0,High,Yes,25/11/2023,25/03/2025
CUST1194,Segment 195,56,Non-binary,35555,Associate,Freelancer,2,Widowed,Germany,Urban,Mediterranean,-23.3349,-18.7886,Tech-savvy,Analytical,Convenience,2,170.01,90,16757.97,552,Phone,Beauty,45379.31,552,90,16757.97,Tablet,Android,Firefox,89.5,Novelty,-18,4.3,0.84,7,0,Medium,Yes,21/08/2023,13/10/2025
CUST1195,Segment 196,66,Prefer not to say,78863,Other,Professional,4,Widowed,United Kingdom,Urban,Continental,-37.3679,57.0638,Budget-conscious,Extroverted,Sustainability,1,56.59,144,9147.03,528,Mobile app,Apparel,17180.86,528,144,9147.03,Desktop,Windows,Other,24.6,Quality,53,4.3,0.8,12,0,Medium,Yes,08/06/2024,22/07/2025
CUST1196,Segment 197,69,Female,70972,High School,Executive,4,Domestic partnership,Canada,Rural,Continental,17.1682,-72.6044,Homebody,Conscientious,Price,1,153.84,69,12074.46,570,Phone,Apparel,32527.84,570,69,12074.46,Desktop,Windows,Other,29.7,Status,-91,4.4,0.96,12,0,High,Yes,04/10/2023,09/10/2025
CUST1197,Segment 198,78,Male,46993,Masters,Freelancer,5,Widowed,South Africa,Suburban,Polar,-18.2506,-47.9186,Family-oriented,Introverted,Innovation,2,25.29,61,1390.87,182,Mobile app,Electronics,3875.21,182,61,1390.87,Mobile,Windows,Chrome,18.6,Status,-48,2.9,0.54,16,2,Medium,Yes,11/10/2025,13/09/2025
CUST1198,Segment 199,49,Prefer not to say,67094,High School,Self-employed,1,Divorced,India,Urban,Continental,13.9362,120.974,Luxury-seeker,Social,Price,0,42.97,138,4817.69,40,Social,Books,5419.49,40,138,4817.69,Tablet,macOS,Safari,44.1,Quality,-22,2.3,0.49,16,0,Low,Yes,14/09/2024,19/04/2025
CUST1199,Segment 200,21,Male,53441,Masters,Retired,4,Single,Germany,Urban,Continental,-33.0201,-126.3595,Luxury-seeker,Conscientious,Quality,0,8.2,50,449.24,550,Mobile app,Electronics,1243.02,550,50,449.24,Tablet,Android,Firefox,61.7,Sustainability,-42,4.2,0.4,4,0,High,Yes,04/03/2025,11/10/2024